metric,control_value,treatment_value,absolute_difference,p_value,bonferroni_threshold,significance_label
completed_appointment_90d,0.642,0.705,0.06299999999999994,0.001331815374071682,0.016666666666666666,SIGNIFICANT
churned_30d,0.181,0.156,-0.024999999999999994,0.0676582573963188,0.016666666666666666,NOT SIGNIFICANT
satisfaction_score_day45,3.5486577181208054,3.849740932642487,0.3010832145216815,5.403580194536421e-07,0.016666666666666666,SIGNIFICANT
